Campus,Year,Session,Subject,Course,Detail,Section,Title,Professor,Enrolled,Avg,Std dev,High,Low,<50,50-54,55-59,60-63,64-67,68-71,72-75,76-79,80-84,85-89,90-100
UBCV,2015,W,LAW,476,,003,Evidence,Bruce Elwood,20,73.75,7.524521317,87.0,55.0,0,0,,,,4,6,4,,,0
UBCV,2017,W,LAW,476,,001,Evidence,Bruce Elwood,62,74.048387097,7.044187045,90.0,61.0,0,0,0,3,8,14,8,13,11,3,2
UBCV,2018,W,LAW,476,,001,Evidence,Bruce Elwood,67,74.014925373,5.588116551,89.0,59.0,0,0,1,0,5,17,24,8,10,2,0
UBCV,2019,W,LAW,476,,003,Evidence,Bruce Elwood,23,74.0,7.839294959,86.0,56.0,0,0,1,1,2,4,4,4,5,2,0
UBCV,2020,W,LAW,476,,003,Evidence,Bruce Elwood,21,73.476190476,4.422884213,83.0,63.0,0,0,0,1,0,5,10,2,3,0,0
UBCV,2021,W,LAW,476,,003,Evidence,Bruce Elwood,43,74.139534884,4.206465519,84.0,65.0,0,0,0,0,2,9,18,9,5,0,0
