Campus,Year,Session,Subject,Course,Detail,Section,Title,Professor,Enrolled,Avg,Std dev,High,Low,<50,50-54,55-59,60-63,64-67,68-71,72-75,76-79,80-84,85-89,90-100
UBCV,2015,W,LAW,231,,001,Property Law,Anthony Sheppard,42,74.619047619,6.203666819,82.0,50.0,0,,,,,7,9,10,12,0,0
UBCV,2015,W,LAW,407,,003,Taxation,Anthony Sheppard,36,73.666666667,6.173676839,82.0,60.0,0,0,0,,,7,5,10,8,0,0
UBCV,2015,W,LAW,453,,001,Equitable Remedies,Anthony Sheppard,22,75.181818182,5.067509613,86.0,65.0,0,0,0,0,,,7,7,,,0
UBCV,2016,W,LAW,231,,004,Property Law,Anthony Sheppard,42,74.54761905,4.696664,88.0,65.0,0,0,0,0,3,6,18,10,4,1,0
UBCV,2016,W,LAW,407,,002,Taxation,Anthony Sheppard,69,73.08695652,5.614422422,83.0,51.0,0,1,0,0,9,16,20,15,8,0,0
UBCV,2016,W,LAW,453,,001,Equitable Remedies,Anthony Sheppard,15,74.86666667,4.068461743,80.0,66.0,0,0,0,0,1,3,2,8,1,0,0
UBCV,2017,W,LAW,407,,002,Taxation,Anthony F. Sheppard;Anthony Sheppard,58,73.24137931,5.420268475,86.0,53.0,0,1,0,0,8,11,16,18,2,2,0
UBCV,2018,W,LAW,407,,002,Taxation,Anthony F. Sheppard;Anthony Sheppard,56,72.339285714,10.908340072,81.0,0.0,1,0,1,1,4,8,18,20,3,0,0
