Campus,Year,Session,Subject,Course,Detail,Section,Title,Professor,Enrolled,Avg,Std dev,High,Low,<50,50-54,55-59,60-63,64-67,68-71,72-75,76-79,80-84,85-89,90-100
UBCV,2014,W,LAW,451,,002,Trusts,John Smith,58,73.44827586,8.216740323,87.0,52.0,0,,5,,,6,17,14,5,5,0
UBCV,2015,W,LAW,451,,002,Trusts,John Smith,61,72.639344262,7.886766948,87.0,50.0,0,,,5,6,9,9,21,6,,0
UBCV,2016,W,LAW,451,,002,Trusts,John Smith,62,73.35483871,7.574973406,87.0,53.0,0,1,3,1,5,15,13,9,12,3,0
UBCV,2017,W,LAW,451,,002,Trusts,John Smith,51,73.921568627,7.753304166,88.0,58.0,0,0,3,4,3,6,11,15,3,6,0
UBCV,2018,W,LAW,451,,002,Trusts,John Smith,62,73.048387097,7.40276293,88.0,52.0,0,1,1,4,9,7,13,17,5,5,0
UBCV,2019,W,LAW,451,,002,Trusts,John Smith,35,73.028571429,6.870592552,87.0,55.0,0,0,2,0,5,10,4,9,3,2,0
UBCV,2020,W,LAW,451,,002,Trusts,John Smith,45,72.466666667,8.156425242,88.0,45.0,1,0,1,5,4,7,9,11,5,2,0
