Campus,Year,Session,Subject,Course,Detail,Section,Title,Professor,Enrolled,Avg,Std dev,High,Low,<50,50-54,55-59,60-63,64-67,68-71,72-75,76-79,80-84,85-89,90-100
UBCV,2014,W,LAW,416,,001,Labour Law,Colin Gusikoski,23,75.52173913,6.170822586,90.0,66.0,0,0,0,0,,,5,5,6,,
UBCV,2015,W,LAW,416,,001,Labour Law,Colin Gusikoski,25,75.64,6.588373598,87.0,63.0,0,0,0,,,5,,8,,,0
UBCV,2016,W,LAW,416,,001,Labour Law,Colin Gusikoski,27,75.44444444,5.686240703,86.0,64.0,0,0,0,0,3,3,6,9,4,2,0
UBCV,2017,W,LAW,416,,001,Labour Law,Colin Gusikoski,39,75.897435897,5.174811829,86.0,63.0,0,0,0,1,1,5,11,14,4,3,0
UBCV,2019,W,LAW,416,,001,Labour Law,Colin Gusikoski,22,68.772727273,22.717586681,85.0,0.0,2,0,0,1,0,0,5,11,2,1,0
UBCV,2020,W,LAW,416,,001,Labour Law,Colin Gusikoski,24,75.541666667,4.978031448,82.0,66.0,0,0,0,0,2,5,5,5,7,0,0
UBCV,2021,W,LAW,416,,001,Labour Law,Colin Gusikoski,33,75.212121212,3.663652342,86.0,68.0,0,0,0,0,0,3,17,9,3,1,0
